排名,country,region,population,area,pop_year,area_year,density
1,Russian Federation,Europe & Central Asia,143826130,17125190.0,2023,2023.0,8.4
2,Canada,North America,40049088,15634410.0,2023,2023.0,2.56
3,United States,North America,336755052,9831510.0,2023,2023.0,34.25
4,China,East Asia & Pacific,1410710000,9562910.0,2023,2023.0,147.52
5,Brazil,Latin America & Caribbean,211140729,8510420.0,2023,2023.0,24.81
6,Australia,East Asia & Pacific,26659922,7741220.0,2023,2023.0,3.44
7,India,South Asia,1438069596,3287260.0,2023,2023.0,437.47
8,Argentina,Latin America & Caribbean,45538401,2780400.0,2023,2023.0,16.38
9,Kazakhstan,Europe & Central Asia,20330104,2724902.0,2023,2023.0,7.46
10,Algeria,"Middle East, North Africa, Afghanistan & Pakistan",46164219,2381740.0,2023,2023.0,19.38
